epoch,phase,be_rss_kb,be_pss_kb,be_swap_kb,be_cpu_ticks,be_threads,pg_rss_kb,pg_cpu_ticks,nginx_rss_kb,mem_total_kb,mem_avail_kb,swap_used_kb,load1,temp_c,net_rx,net_tx
1787019074.284379516,baseline,21672,20015,57312,2400,6,370044,1531,684,425180,146496,291104,3.49,49.4,735175491,290157493
1787019075.341291524,baseline,21672,20033,57312,2400,6,370044,1531,684,425180,144100,291088,3.49,49.4,735175491,290157493
1787019076.329756607,baseline,21672,20033,57312,2400,6,370056,1531,684,425180,145232,291064,3.29,48.3,735176559,290157635
1787019077.320931196,baseline,21672,20033,57312,2400,6,370056,1531,684,425180,146020,290928,3.29,48.9,735177063,290158569
1787019078.339130563,baseline,21676,20027,57308,2401,6,371372,1535,684,425180,142608,289908,3.29,49.4,735177155,290158711
1787019079.326057271,baseline,21676,20027,57308,2401,6,371372,1535,684,425180,143068,289908,3.29,49.9,735177295,290158817
1787019080.314129933,baseline,21676,20027,57308,2401,6,371372,1535,684,425180,141672,289804,3.29,49.4,735182925,290164098
1787019081.358542265,pypi_reset,24528,22879,57192,2404,5,381880,1582,684,425180,138120,282424,3.19,49.4,735188295,290172000
1787019082.482531828,pypi_reset,26712,25050,57020,2413,11,387896,1584,684,425180,128884,269464,3.19,49.9,735196517,290179459
1787019083.675974750,pypi_reset,0,0,0,0,0,30876,705,684,425180,194572,178356,3.19,51.0,735197781,290181302
1787019084.692522746,pypi_reset,15908,14450,0,12,5,21992,710,684,425180,198560,177956,3.19,50.5,735197953,290181462
1787019085.409173284,pypi_reset,17960,16290,0,23,6,111652,748,684,425180,193780,176924,3.19,50.5,735197953,290181462
1787019086.101999440,pypi_reset,23520,21986,0,59,6,120376,766,684,425180,188016,176760,3.19,50.5,735201211,290184333
1787019086.820731667,pypi_reset,47668,46060,0,85,6,120384,766,684,425180,160608,176744,3.25,50.5,735204091,290186611
1787019087.548732973,pypi_reset,66952,65281,0,114,6,122460,777,684,425180,158768,176012,3.25,51.0,735208496,290197177
1787019088.281925882,pypi_reset,68544,66873,0,120,6,125208,784,684,425180,158028,176000,3.25,49.9,735210297,290202231
1787019088.939166124,pypi_reset,68544,66873,0,120,6,125208,784,684,425180,158048,175972,3.25,49.9,735212552,290206009
1787019089.595137456,pypi_reset,68544,66873,0,120,6,125208,784,684,425180,164328,176236,3.25,49.4,735212552,290206009
1787019090.253879435,pypi_reset,68544,66838,0,120,6,125208,784,684,425180,158932,176228,3.25,49.9,735218186,290211322
1787019090.945410762,pypi_cold,71428,69813,0,126,6,126684,789,684,425180,159340,176064,3.25,49.4,735364398,290289826
1787019091.650688180,pypi_cold,75256,73713,0,150,6,128156,794,684,425180,155644,176048,3.07,49.9,737144970,290324268
1787019092.372395196,pypi_cold,80048,78377,0,185,6,128168,797,684,425180,154116,176028,3.07,50.5,737658812,291961279
1787019093.271515759,pypi_cold,81764,80269,0,227,6,128788,799,684,425180,152304,176012,3.07,50.5,738752788,292050577
1787019093.984604285,pypi_cold,82456,80785,0,244,7,129116,805,684,425180,151024,175980,3.07,49.9,739117367,292172153
1787019094.681694108,pypi_cold,82684,81013,0,260,7,129148,812,684,425180,148792,175948,3.07,49.9,739713656,292364147
1787019095.377478508,pypi_cold,79908,78237,0,284,7,129256,816,684,425180,148296,175892,3.07,50.5,740130135,292762494
1787019096.075035684,pypi_cold,79920,78249,0,301,7,129304,824,684,425180,147672,175848,3.07,50.5,740340960,292833376
1787019096.768742733,pypi_cold,79920,78249,0,318,7,130440,829,684,425180,144404,175832,2.82,50.5,740819360,293139711
1787019097.460465969,pypi_cold,84292,82621,0,355,7,130760,832,684,425180,145040,175828,2.82,49.9,743658748,293184222
1787019098.165908472,pypi_cold,86784,82069,0,395,7,130644,832,684,425180,133492,175828,2.82,50.5,743663244,294680302
1787019098.877359458,pypi_cold,83348,81677,0,407,7,130644,833,684,425180,131988,175820,2.82,50.5,745850317,295739260
1787019099.599351982,pypi_cold,83600,81929,0,434,7,130644,833,684,425180,131864,175816,2.82,50.5,746029772,295742798
1787019100.266300837,pypi_cold,85064,83393,0,476,7,131124,837,684,425180,131704,175748,2.82,51.0,747854638,296014510
1787019101.015004130,pypi_cold,85348,83677,0,514,7,131552,848,684,425180,130872,175708,2.82,51.0,748930170,296572219
1787019101.753336364,pypi_cold,85444,83773,0,546,7,132540,861,684,425180,128612,175576,2.84,51.0,750038849,297551720
1787019102.483191719,pypi_cold,85520,83849,0,572,7,132524,865,684,425180,132500,175700,2.84,51.5,751723115,299094266
1787019103.216534498,pypi_cold,85520,83849,0,616,7,132532,867,684,425180,130088,175692,2.84,51.5,754989396,299385949
1787019103.956719933,pypi_cold,82480,80842,0,675,7,132332,867,684,425180,134952,178648,2.84,52.1,759242007,301017225
1787019104.845626487,pypi_cold,82480,80833,0,719,7,133952,869,684,425180,134952,177800,2.84,52.1,763854914,302400133
1787019105.697969452,pypi_cold,78984,77346,124,778,7,133788,870,684,425180,134748,178416,2.84,52.6,769150714,303288884
1787019106.558250447,pypi_cold,78532,76894,592,817,7,133968,870,684,425180,133548,178868,3.09,52.1,771085052,305190515
1787019107.275033076,pypi_cold,78600,76962,592,818,7,134168,870,684,425180,131980,178848,3.09,52.1,771088952,306610405
1787019108.002431148,pypi_cold,78608,76970,588,825,7,134336,870,684,425180,135616,178776,3.09,52.1,771097416,310413715
1787019108.753842106,pypi_cold,78236,76638,960,831,7,134440,872,684,425180,136016,179348,3.09,52.6,771106292,314076755
1787019109.475059101,pypi_cold,78016,76378,1220,831,7,134688,872,684,425180,129728,179300,3.09,52.1,771110932,315699035
1787019110.182191987,pypi_cold,78164,76522,1196,833,7,134728,872,684,425180,129376,179256,3.09,51.5,771114362,316450061
1787019110.863889955,pypi_cold,78164,76505,1196,833,7,134772,872,684,425180,128300,177700,3.09,52.1,771117850,316455011
1787019111.573911828,idle_between,78172,76534,1188,833,7,135088,875,684,425180,129404,177692,2.84,50.5,771118966,316455117
1787019112.233720426,idle_between,78172,76534,1188,833,7,135088,875,684,425180,128396,177684,2.84,51.0,771119058,316455259
1787019112.892884335,idle_between,78172,76534,1188,833,7,135108,875,684,425180,126476,177680,2.84,50.5,771119058,316455259
1787019113.590809672,idle_between,78172,76534,1188,833,7,135128,875,684,425180,126424,177676,2.84,50.5,771119058,316455259
1787019114.250342705,idle_between,78172,76534,1188,833,7,135228,875,684,425180,126048,177632,2.84,50.5,771119290,316455507
1787019114.909889125,idle_between,78172,76534,1188,833,7,135228,875,684,425180,126564,177628,2.84,50.5,771119290,316455507
1787019115.567106991,idle_between,78172,76534,1188,833,7,135404,876,684,425180,126028,177612,2.84,50.5,771119290,316455507
1787019116.226111955,idle_between,78172,76534,1188,833,7,135484,881,684,425180,125952,177564,2.86,49.9,771119873,316455649
1787019116.891905201,idle_between,78256,76618,1184,834,7,136248,882,684,425180,124664,177544,2.86,50.5,771120688,316456002
1787019117.562600100,idle_between,78256,76618,1184,834,7,136276,883,684,425180,124076,177520,2.86,50.5,771128201,316462276
1787019118.242457255,pypi_warm,81020,79383,1300,859,7,136292,884,684,425180,132092,179100,2.86,50.5,771136213,318167972
1787019118.991120068,pypi_warm,81004,79366,1392,868,7,135236,887,684,425180,128008,178956,2.86,51.5,771145233,318865151
1787019119.690333725,pypi_warm,83052,81414,1388,888,7,135236,890,684,425180,126952,178936,2.86,51.5,771157692,319289544
1787019120.379457416,pypi_warm,90944,89302,1492,923,7,127760,890,684,425180,132004,188920,2.86,51.5,771163608,321671326
1787019121.177722057,pypi_warm,90164,88526,2716,931,7,129188,905,684,425180,124884,186544,2.79,52.1,771172791,322859391
1787019121.914952770,pypi_warm,82604,80966,10276,944,7,129560,915,684,425180,136632,196256,2.79,52.6,771187268,326293003
1787019122.813680338,pypi_warm,74820,72842,19008,986,7,128160,919,684,425180,145184,208832,2.79,53.7,771198708,331289335
1787019123.757295529,pypi_warm,62980,60902,30872,989,7,125424,919,684,425180,156768,222848,2.79,53.7,771208016,335979707
1787019124.566547665,pypi_warm,55140,53086,38712,989,7,115752,919,684,425180,158540,232580,2.79,53.7,771217972,340379639
1787019125.318931578,pypi_warm,54552,52915,39128,989,7,115752,919,684,425180,151684,232092,2.79,52.6,771223534,342175217
1787019126.009509523,cooldown,54552,52914,39128,989,7,115780,920,684,425180,153644,230352,2.79,52.6,771226742,342178275
1787019126.670094286,cooldown,54552,52914,39128,989,7,115780,920,684,425180,152032,230336,2.56,52.6,771227718,342178275
1787019127.329331489,cooldown,54552,52914,39128,989,7,115780,920,684,425180,151380,230316,2.56,52.1,771227858,342178381
1787019127.990877044,cooldown,54552,52914,39128,989,7,115780,920,684,425180,150696,230316,2.56,51.5,771227858,342178523
1787019128.652436406,cooldown,54552,52914,39128,989,7,115780,920,684,425180,150372,230304,2.56,51.5,771227950,342178523
1787019129.350290775,cooldown,54552,52914,39128,989,7,115780,920,684,425180,150720,230212,2.56,51.0,771227950,342178523
1787019130.010738883,cooldown,54552,52914,39128,989,7,115780,920,684,425180,150480,230208,2.56,51.5,771228182,342178771
1787019130.670151050,cooldown,54552,52914,39128,989,7,115780,920,684,425180,151360,230148,2.56,51.5,771228275,342178771
1787019131.332924442,cooldown,54552,52998,39128,990,7,117572,927,684,425180,149776,228568,2.44,51.5,771229251,342178878
